title,link
This is a new post,http://chrisralbon.com/projects/aisle_seat_probabilities.html
Geocoding And Reverse Geocoding,http://chrisralbon.com/python/geocoding_and_reverse_geocoding.html
Apply Operations Over Items In A List,http://chrisralbon.com/python/apply_operations_over_items_in_lists.html
Applying Conditional Functions To List Items,http://chrisralbon.com/python/applying_conditional_functions_to_list_items.html
Applying Functions To List Items,http://chrisralbon.com/python/applying_functions_to_list_items.html
Basic Arithmetic,http://chrisralbon.com/python/arithmetic_basics.html
Assignment Operators,http://chrisralbon.com/python/assignment_operators.html
Drilling Down With Beautiful Soup,http://chrisralbon.com/python/beautiful_soup_drill_down.html
Beautiful Soup Basic HTML Scraping,http://chrisralbon.com/python/beautiful_soup_html_basics.html
Scraping a HTML Table with Beauitful Soup,http://chrisralbon.com/python/beautiful_soup_scrape_table.html
Scraping And Parsing A Wikipedia List into Pandas,http://chrisralbon.com/python/beautiful_soup_scraping_into_pandas.html
Breaking Up String Variables,http://chrisralbon.com/python/breaking_up_string_variables.html
Brute Force D20 Roll Simulator,http://chrisralbon.com/python/brute_force_d20_simulator.html
Built-In Object Types,http://chrisralbon.com/python/built_in_object_types.html
Cartesian Product,http://chrisralbon.com/python/cartesian_product.html
Cleaning Text,http://chrisralbon.com/python/cleaning_text.html
Continue And Break Loops,http://chrisralbon.com/python/continue_and_break_loops.html
Convert A String Categorical Variable To A Numeric Variable Naively,http://chrisralbon.com/python/convert_categorical_to_numeric_naively.html
Creating Lists From Dictionary Keys And Values,http://chrisralbon.com/python/create_list_from_dictionary_keys_and_values.html
Creating Numpy Arrays,http://chrisralbon.com/python/creating_numpy_arrays.html
Convert A CSV Into Python Code To Recreate It,http://chrisralbon.com/python/csv_to_python_code.html
Data Structure Basics,http://chrisralbon.com/python/data_structure_basics.html
Prussian Horse Kick Data,http://chrisralbon.com/python/dataset_prussian_horse_kicks.html
Battle of Five Kings Dataset,http://chrisralbon.com/python/dataset_war_of_five_kings.html
Date And Time Basics,http://chrisralbon.com/python/date_and_time_basics.html
Dictionary Basics,http://chrisralbon.com/python/dictionary_basics.html
Enumerate A List,http://chrisralbon.com/python/enumerate_a_list.html
Escape Sequences,http://chrisralbon.com/python/escape_sequences.html
Creating A List Of Potential Baby Names,http://chrisralbon.com/python/example_data_wrangling_baby_names.html
Wrangling DHS Border Crossing Data,http://chrisralbon.com/python/example_exploring_border_crossing_data.html
Selecting Items In A List With Filters,http://chrisralbon.com/python/filter_items_in_list_with_filter.html
Flatten Lists Of Lists,http://chrisralbon.com/python/flatten_list_of_lists.html
For Loop,http://chrisralbon.com/python/for_loops.html
The Format Method,http://chrisralbon.com/python/format_method_for_strings.html
Function Basics,http://chrisralbon.com/python/function_basics.html
Generating Random Numbers With Numpy,http://chrisralbon.com/python/generating_random_numbers_with_numpy.html
Draw a area plot in ggplot,http://chrisralbon.com/python/ggplot_area_plot.html
Draw a line in ggplot,http://chrisralbon.com/python/ggplot_draw_line.html
Draw a histogram plot in ggplot,http://chrisralbon.com/python/ggplot_histogram.html
Draw a line plot in ggplot,http://chrisralbon.com/python/ggplot_line_plot.html
Saving ggplot plots as vector,http://chrisralbon.com/python/ggplot_save_as_vector.html
Scatterplots in ggplot,http://chrisralbon.com/python/ggplot_scatterplot.html
if and if else,http://chrisralbon.com/python/if_and_if_else_statements.html
if Statement,http://chrisralbon.com/python/if_statement.html
Indexing And Slicing Numpy Arrays,http://chrisralbon.com/python/indexing_and_slicing_numpy_arrays.html
View an image in iPython,http://chrisralbon.com/python/ipython_display_image.html
View an video in iPython,http://chrisralbon.com/python/ipython_display_video.html
Run A Python Script Inside IPython,http://chrisralbon.com/python/ipython_run_script.html
Iterate An Ifelse Over A List,http://chrisralbon.com/python/iterate_ifelse_over_list.html
Parse JSON File,http://chrisralbon.com/python/json_parse_file.html
Kolmogorov Smirnov Test,http://chrisralbon.com/python/kolmogorov_smirnov_test.html
Lambda Functions,http://chrisralbon.com/python/lambda_functions.html
List Comprehension 1,http://chrisralbon.com/python/list_comprehension.html
List Comprehension 2,http://chrisralbon.com/python/list_comprehension_2.html
List Operations,http://chrisralbon.com/python/list_operations.html
Logical Operations,http://chrisralbon.com/python/logical_operations.html
Mathematical Operations,http://chrisralbon.com/python/math_operations.html
Back To Back Bar Plot In MatPlotLib,http://chrisralbon.com/python/matplotlib_back_to_back_bar_plot.html
Bar Plot In MatPlotLib,http://chrisralbon.com/python/matplotlib_bar_plot.html
Group Bar Plot In MatPlotLib,http://chrisralbon.com/python/matplotlib_grouped_bar_plot.html
Histograms In MatPlotLib,http://chrisralbon.com/python/matplotlib_histogram.html
Map Your Google Location History,http://chrisralbon.com/python/matplotlib_map_your_google_data.html
Stacked Percentage Bar Plot In MatPlotLib,http://chrisralbon.com/python/matplotlib_percentage_stacked_bar_plot.html
Pie Chart In MatPlotLib,http://chrisralbon.com/python/matplotlib_pie_chart.html
Plot Points On A Map,http://chrisralbon.com/python/matplotlib_plot_points_on_map.html
Save A Matplotlib Plot As A Vector,http://chrisralbon.com/python/matplotlib_save_a_plot_as_vector.html
Making A Matplotlib Scatterplot From A Pandas Dataframe,http://chrisralbon.com/python/matplotlib_scatterplot_from_pandas.html
"Matplotlib, A Simple Example",http://chrisralbon.com/python/matplotlib_simple_example.html
Scatterplot In MatPlotLib,http://chrisralbon.com/python/matplotlib_simple_scatterplot.html
Stacked Bar Plot In MatPlotLib,http://chrisralbon.com/python/matplotlib_stacked_bar_plot.html
Module Basics,http://chrisralbon.com/python/module_basics.html
Nesting Lists,http://chrisralbon.com/python/nesting_lists.html
Basic Opeations With Numpy Array,http://chrisralbon.com/python/numpy_array_basic_operations.html
Numpy Array Basics,http://chrisralbon.com/python/numpy_array_basics.html
Indexing And Slicing Numpy Arrays,http://chrisralbon.com/python/numpy_indexing_and_slicing.html
Applying Operations Over pandas Dataframes,http://chrisralbon.com/python/pandas_apply_operations_to_dataframes.html
Apply Operations To Groups In Pandas,http://chrisralbon.com/python/pandas_apply_operations_to_groups.html
Binning Data In Pandas,http://chrisralbon.com/python/pandas_binning_data.html
Categorical Data In Pandas,http://chrisralbon.com/python/pandas_categorical_data.html
Convert A Categorical Variable Into Dummy Variables,http://chrisralbon.com/python/pandas_convert_categorical_to_dummies.html
Convert A Numeric Categorical Variable With Patsy,http://chrisralbon.com/python/pandas_convert_numeric_categorical_to_numeric_with_patsy.html
Convert A String Categorical Variable With Patsy,http://chrisralbon.com/python/pandas_convert_string_categorical_to_numeric_with_patsy.html
Convert A Variable To A Time Variable In Pandas,http://chrisralbon.com/python/pandas_convert_to_datetime.html
Create a Column Based on a Conditional in pandas,http://chrisralbon.com/python/pandas_create_column_using_conditional.html
Create A Pandas Column With A For Loop,http://chrisralbon.com/python/pandas_create_column_with_loop.html
Crosstabs In Pandas,http://chrisralbon.com/python/pandas_crosstabs.html
pandas Data Structures,http://chrisralbon.com/python/pandas_data_structures.html
Data Wrangling In Pandas,http://chrisralbon.com/python/pandas_data_wrangling.html
Count Values In Pandas Dataframe,http://chrisralbon.com/python/pandas_dataframe_count_values.html
Descriptive Statistics For pandas Dataframe,http://chrisralbon.com/python/pandas_dataframe_descriptive_stats.html
Loading A CSV Into Pandas,http://chrisralbon.com/python/pandas_dataframe_importing_csv.html
Load Excel Spreadsheet As Pandas Dataframe,http://chrisralbon.com/python/pandas_dataframe_load_xls.html
Ranking Rows Of pandas Dataframes,http://chrisralbon.com/python/pandas_dataframe_ranking_rows.html
Reindexing pandas Series And Dataframes,http://chrisralbon.com/python/pandas_dataframe_reindexing.html
Delete Duplicates In Pandas,http://chrisralbon.com/python/pandas_delete_duplicates.html
Drop A Column That Contains A Certain String In Pandas,http://chrisralbon.com/python/pandas_drop_column_containing_certain_string.html
Dropping Rows And Columns In pandas Dataframe,http://chrisralbon.com/python/pandas_dropping_column_and_rows.html
Simple Example Dataframe,http://chrisralbon.com/python/pandas_example_dataframes.html
Expand Cells Containing Lists Into Their Own Variables In Pandas,http://chrisralbon.com/python/pandas_expand_cells_containing_lists.html
Find Largest Value In A Dataframe Column,http://chrisralbon.com/python/pandas_find_largest_value_in_column.html
Find Unique Values In Pandas Dataframes,http://chrisralbon.com/python/pandas_find_unique_values.html
Grouping Rows In Pandas,http://chrisralbon.com/python/pandas_group_rows_by.html
Hierarchical Data In Pandas,http://chrisralbon.com/python/pandas_hierarchical_data.html
Importing an HTML table into pandas,http://chrisralbon.com/python/pandas_import_html_table.html
"Index, Select, And Filter pandas Dataframes",http://chrisralbon.com/python/pandas_index_select_and_filter.html
Indexing and Selecting Data With Pandas,http://chrisralbon.com/python/pandas_indexing_selecting.html
Iterating Through The Rows Of Multiple Columns In Pandas,http://chrisralbon.com/python/pandas_iterate_over_rows_of_multiple_columns.html
Join And Merge Pandas Dataframe,http://chrisralbon.com/python/pandas_join_merge_dataframe.html
Using List Comprehensions With Pandas,http://chrisralbon.com/python/pandas_list_comprehension.html
List Unique Values In A Pandas Column,http://chrisralbon.com/python/pandas_list_unique_values_in_column.html
Pandas: Long To Wide Format,http://chrisralbon.com/python/pandas_long_to_wide.html
Lower Case Column Names In Pandas Dataframe,http://chrisralbon.com/python/pandas_lowercase_column_names.html
Make New Columns Using Functions,http://chrisralbon.com/python/pandas_make_new_columns_using_functions.html
Map External Values To Dataframe Values in Pandas,http://chrisralbon.com/python/pandas_map_values_to_values.html
Missing Data In Pandas Dataframe,http://chrisralbon.com/python/pandas_missing_data.html
Moving Averages In Pandas,http://chrisralbon.com/python/pandas_moving_average.html
Normalize A Column In Pandas,http://chrisralbon.com/python/pandas_normalize_column.html
Dealing With Outliers In Pandas,http://chrisralbon.com/python/pandas_outliers.html
Pivot Tables In Pandas,http://chrisralbon.com/python/pandas_pivot_tables.html
Breaking Up A String Into Columns Using Regex In Pandas,http://chrisralbon.com/python/pandas_regex_to_create_columns.html
Rename Multiple Pandas Dataframe Column Names At Once,http://chrisralbon.com/python/pandas_rename_multiple_columns.html
Replacing Values In Pandas,http://chrisralbon.com/python/pandas_replace_values.html
Resampling a Time Series in pandas,http://chrisralbon.com/python/pandas_resample_by_time.html
Sample Rows Of A Dataframe In Pandas,http://chrisralbon.com/python/pandas_sample_dataframe.html
Random Sampling Dataframe,http://chrisralbon.com/python/pandas_sampling_dataframe.html
Saving A Pandas Dataframe As a CSV,http://chrisralbon.com/python/pandas_saving_dataframe_as_csv.html
Search A Pandas Column For A Value,http://chrisralbon.com/python/pandas_search_column_for_value.html
Select Rows That Have A Certain Value,http://chrisralbon.com/python/pandas_select_rows_containing_values.html
Select Rows With Multiple Filters,http://chrisralbon.com/python/pandas_select_rows_multiple_filters.html
Select Rows When Columns Contain Certain Values,http://chrisralbon.com/python/pandas_select_rows_when_column_has_certain_values.html
Selecting Pandas DataFrame Rows Based On Conditions,http://chrisralbon.com/python/pandas_selecting_rows_on_conditions.html
Sorting Rows Of pandas Dataframes,http://chrisralbon.com/python/pandas_sorting_rows_dataframe.html
Split Combined Lat/Long Coordinate Variables Into Seperate Variables In Pandas,http://chrisralbon.com/python/pandas_split_lat_and_long_into_variables.html
String Munging In Dataframe,http://chrisralbon.com/python/pandas_string_munging.html
Pandas Time Series Basics,http://chrisralbon.com/python/pandas_time_series_basics.html
Transpose A Dataframe In Pandas,http://chrisralbon.com/python/pandas_transpose_dataframe.html
"Try, Except, and Finally",http://chrisralbon.com/python/try_except_finally.html
Using Seaborn To Visualize A Pandas Dataframe,http://chrisralbon.com/python/pandas_with_seaborn.html
Polynomial Fitting,http://chrisralbon.com/python/polynomial_fitting.html
Recursive Functions,http://chrisralbon.com/python/recursive_functions.html
Regular Expression By Example,http://chrisralbon.com/python/regex_by_example.html
Regular Expression Basics,http://chrisralbon.com/python/regular_expressions_basics.html
Scheduling Jobs In The Future,http://chrisralbon.com/python/schedule_run_in_the_future.html
Finding A Trend Line Of Data,http://chrisralbon.com/python/scipy_fitting_trendline.html
Simple Clustering With SciPy,http://chrisralbon.com/python/scipy_simple_clustering.html
Color Palettes in Seaborn,http://chrisralbon.com/python/seaborn_color_palettes.html
Creating A Time Series Plot With Seaborne And Pandas,http://chrisralbon.com/python/seaborn_pandas_timeseries_plot.html
Make Pretty Time Series Plots With Seaborne,http://chrisralbon.com/python/seaborn_pretty_timeseries_plots.html
Creating Scatterplots with Seaborn,http://chrisralbon.com/python/seaborn_scatterplot.html
Set The Color Of A Matplotlib Plot,http://chrisralbon.com/python/set_the_color_of_a_matplotlib.html
Built-In Object Types,http://chrisralbon.com/python/standard_object_types.html
String Formatting,http://chrisralbon.com/python/string_formatting.html
String Indexing,http://chrisralbon.com/python/string_indexing.html
String Operations,http://chrisralbon.com/python/string_operations.html
Converting Strings To Datetime,http://chrisralbon.com/python/strings_to_datetime.html
Swapping variable values,http://chrisralbon.com/python/swapping_variable_values.html
Test Script,http://chrisralbon.com/python/testing_the_stack.html
while Statement,http://chrisralbon.com/python/while_statements.html
Two Way Frequency Table,http://chrisralbon.com/rstats/2-way-frequency-table.html
2D Density Plot,http://chrisralbon.com/rstats/2d-density-plot.html
Adding Time To A Date,http://chrisralbon.com/rstats/add-dates-to-a-date.html
Adding labels to a ggplot2 bar graph,http://chrisralbon.com/rstats/add-labels-to-bar-graph.html
Adding Levels To A Factor,http://chrisralbon.com/rstats/add-levels-to-factors.html
Annotating Plots,http://chrisralbon.com/rstats/annotating-plots.html
Apply A Function On Every Row Of A Dataframe,http://chrisralbon.com/rstats/apply-function-to-every-row.html
"Using apply, sapply, and lapply",http://chrisralbon.com/rstats/apply-lapply-sapply.html
Advanced Applying With Plyr,http://chrisralbon.com/rstats/apply-with-plyr.html
Basic Math Functions In R,http://chrisralbon.com/rstats/arithmetic.html
Making A Back To Back Histogram,http://chrisralbon.com/rstats/back-to-back-histogram.html
Balloon Plot,http://chrisralbon.com/rstats/balloon-plot.html
Bar Charts,http://chrisralbon.com/rstats/bar-charts.html
Bar Graph,http://chrisralbon.com/rstats/bar-graph.html
Bar Graph Of Two Sets Of Data,http://chrisralbon.com/rstats/barplot-two-sets-of-data.html
Benchmarking R Speed,http://chrisralbon.com/rstats/benchmarking.html
Boxplots,http://chrisralbon.com/rstats/boxplots.html
Calculate A Moving Average,http://chrisralbon.com/rstats/calculate-moving-average.html
Converting Categorical Variables To Continuous,http://chrisralbon.com/rstats/categorical-to-continous.html
Change The Barplot Bar Width,http://chrisralbon.com/rstats/change-barplot-bar-width.html
Change The Class Of An Object,http://chrisralbon.com/rstats/change-object-class.html
Character Dates,http://chrisralbon.com/rstats/character-dates.html
Check To See If A Variable Exists,http://chrisralbon.com/rstats/check-if-variable-exists.html
Circle Plot,http://chrisralbon.com/rstats/circle-plot.html
Classes,http://chrisralbon.com/rstats/classes.html
Cleaning Up Gender,http://chrisralbon.com/rstats/cleaning-gender.html
Cleaning Strings,http://chrisralbon.com/rstats/cleaning-strings.html
Cleveland Plot,http://chrisralbon.com/rstats/cleveland-plot.html
Coloring Boxplot Outliers,http://chrisralbon.com/rstats/color-boxplot-outliers.html
Combining Factors,http://chrisralbon.com/rstats/combining-factors.html
Comma Seperate A String,http://chrisralbon.com/rstats/comma-seperate-a-string.html
Conditional execution,http://chrisralbon.com/rstats/conditional.html
Converting Continous Variables To Categorical Variables,http://chrisralbon.com/rstats/continous-to-categorical.html
Converting Between Wide And Long Form Data,http://chrisralbon.com/rstats/convert-between-wide-and-long.html
Converting List Of Dataframes Into A Single Dataframe,http://chrisralbon.com/rstats/convert-list-of-dfs-into-one-df.html
Convert Strings To Objects,http://chrisralbon.com/rstats/convert-strings-to-objects.html
Count The Number Of Times X Appears In A Vector,http://chrisralbon.com/rstats/count-number-elements.html
Crosstabs,http://chrisralbon.com/rstats/crosstabs.html
Cutting Up Data,http://chrisralbon.com/rstats/cutting-up-data.html
Data Types,http://chrisralbon.com/rstats/data-types.html
Data Frames,http://chrisralbon.com/rstats/dataframes.html
Datasets,http://chrisralbon.com/rstats/datasets.html
Difference Between Two Date-Times,http://chrisralbon.com/rstats/date-sequences.html
Density Curve Plot,http://chrisralbon.com/rstats/density-plot.html
Difference Between Two Date-Times,http://chrisralbon.com/rstats/difference-between-two-dates.html
Dot Plot (Wilkinson Plot),http://chrisralbon.com/rstats/dot-plot.html
Drop Columns From Dataframe,http://chrisralbon.com/rstats/drop-columns-from-dataframe.html
Drop Residual Factors,http://chrisralbon.com/rstats/drop-residual-factors.html
Element Names,http://chrisralbon.com/rstats/element-names.html
Expand A Table Of Counts Into A Dataframe,http://chrisralbon.com/rstats/expand-counts-into-dataframe.html
Exponents,http://chrisralbon.com/rstats/exponents.html
Faceting in ggplot2,http://chrisralbon.com/rstats/faceting.html
Factors,http://chrisralbon.com/rstats/factors.html
File Paths,http://chrisralbon.com/rstats/file-paths.html
Classes,http://chrisralbon.com/rstats/find-a-variables-class.html
Find And Replace,http://chrisralbon.com/rstats/find-and-replace.html
Finding the location (the index) of the first instance of values in a vector,http://chrisralbon.com/rstats/find-index-of-first-values.html
Finding the most common element,http://chrisralbon.com/rstats/find-most-common-element.html
apropos functions finds objects and functions,http://chrisralbon.com/rstats/find-objects-variables-functions.html
Find Unique Elements In Objects,http://chrisralbon.com/rstats/find-unique-elements.html
Flow Control,http://chrisralbon.com/rstats/flow-control.html
For Loops,http://chrisralbon.com/rstats/for-loop.html
Frequency Polygon Plot,http://chrisralbon.com/rstats/frequency-polygon-plot.html
Gantt Charts,http://chrisralbon.com/rstats/gantt-chart.html
Basic ggplot2 examples,http://chrisralbon.com/rstats/ggplot2-basic-examples.html
Heatmap For Factors,http://chrisralbon.com/rstats/heatmap-for-factors.html
Create High-Res Plots In R,http://chrisralbon.com/rstats/high-res-plots.html
Hills And Valley Bar Chart,http://chrisralbon.com/rstats/hills-and-valleys-chart.html
Histogram,http://chrisralbon.com/rstats/histogram.html
Histograms and Density Plots,http://chrisralbon.com/rstats/histograms-and-density-plots.html
Using ifelse,http://chrisralbon.com/rstats/ifelse.html
Importing Baltimore's 2010 Monthly Crime Data,http://chrisralbon.com/rstats/import-data.html
Importing a JSON file into R,http://chrisralbon.com/rstats/import-json.html
Import XML,http://chrisralbon.com/rstats/import-xml.html
Importing CSV and Delimited Data,http://chrisralbon.com/rstats/importing-csv-and-delimited-data.html
Indexing Tricks,http://chrisralbon.com/rstats/indexing-tricks.html
Indexing,http://chrisralbon.com/rstats/indexing.html
"Inner, Outer, Right, And Left Joins",http://chrisralbon.com/rstats/inner-outter-right-left-join.html
Installing and loading packages,http://chrisralbon.com/rstats/installing-and-loading-packages.html
Jitterplot,http://chrisralbon.com/rstats/jitterplot.html
Line and Path Plots,http://chrisralbon.com/rstats/line-and-path-plots.html
Line Graph,http://chrisralbon.com/rstats/line-graph.html
Line Plot With Multiple Lines,http://chrisralbon.com/rstats/line-plot-with-multiple-lines.html
Plot With Both Lines And Poiints,http://chrisralbon.com/rstats/line-plot-with-points.html
ggplot2 line plot,http://chrisralbon.com/rstats/line-plot.html
Indexing Lists,http://chrisralbon.com/rstats/list-indexing.html
Convert A List Into A Dataframe,http://chrisralbon.com/rstats/list-to-dataframe.html
Lists,http://chrisralbon.com/rstats/lists.html
Loops With Lists,http://chrisralbon.com/rstats/loops-with-lists.html
Loops,http://chrisralbon.com/rstats/loops.html
Managing Data Frames,http://chrisralbon.com/rstats/managing-data-frames.html
Manipulating Character Strings (i.e. text),http://chrisralbon.com/rstats/manipulate-character-strings.html
Find Which Column Has The Greatest Value In Each Row,http://chrisralbon.com/rstats/max-columns-value.html
Merge Data Frames,http://chrisralbon.com/rstats/merge-data-frame.html
Missing values,http://chrisralbon.com/rstats/missing-data.html
Removing Missing Observations,http://chrisralbon.com/rstats/missing-obs.html
Extracting Information From Objects Using Names(),http://chrisralbon.com/rstats/names.html
Normality Test,http://chrisralbon.com/rstats/normality-test.html
Find Approximate Number Of Google Search Results For A String,http://chrisralbon.com/rstats/number-of-google-search-results.html
Object Basics,http://chrisralbon.com/rstats/objects-101.html
Ordered Factors,http://chrisralbon.com/rstats/ordered-factors.html
Overlapping Histrograms,http://chrisralbon.com/rstats/overlapping-histograms.html
Parsing Dates,http://chrisralbon.com/rstats/parsing-dates.html
Password Generator,http://chrisralbon.com/rstats/password-generator.html
Pie Chart,http://chrisralbon.com/rstats/pie-chart.html
Plot Points On A Map,http://chrisralbon.com/rstats/plots-on-map.html
Making Pretty Numbers with prettyNum,http://chrisralbon.com/rstats/pretty-numbers.html
Proporton Table,http://chrisralbon.com/rstats/proportion-table.html
Proportional Stacked Bar Graph,http://chrisralbon.com/rstats/proportional-stacked-bar-graph.html
Getting Familiar With R,http://chrisralbon.com/rstats/r-basics.html
Racetrack Plot,http://chrisralbon.com/rstats/racetrack-plot.html
Radial Plot,http://chrisralbon.com/rstats/radial-plot.html
Random Numbers,http://chrisralbon.com/rstats/random-numbers.html
Removing Variables,http://chrisralbon.com/rstats/remote-variable.html
Remove Duplicate Rows,http://chrisralbon.com/rstats/remove-duplicate-rows.html
Removing Observations In Data Frames With Missing Data,http://chrisralbon.com/rstats/removing-missing-obs.html
Renaming Filenames,http://chrisralbon.com/rstats/rename-filesnames.html
Reorder Columns,http://chrisralbon.com/rstats/reorder-columns.html
Replacing Data,http://chrisralbon.com/rstats/replacing-data.html
Replacing Factor Names Using Match,http://chrisralbon.com/rstats/replacing-factor-names.html
Loops With Replicate,http://chrisralbon.com/rstats/replication-loops.html
Rounding Numbers,http://chrisralbon.com/rstats/rounding.html
Rug Plot,http://chrisralbon.com/rstats/rugplot.html
Getting A Sample Of Random Rows From A Dataframe,http://chrisralbon.com/rstats/sampling-a-dataframe.html
Sampling in R,http://chrisralbon.com/rstats/sampling.html
Smooth A Scatterplot Trend Line,http://chrisralbon.com/rstats/scatterplot-trend-line.html
Scatter plot two sets of data with smooth lines,http://chrisralbon.com/rstats/scatterplot-two-sets-of-data.html
Plot Ellipses With Scatterplot,http://chrisralbon.com/rstats/scatterplot-with-ellipses-by-group.html
Scatterplot With Point's Labelled,http://chrisralbon.com/rstats/scatterplot-with-point-labels.html
Scatterplot With Trend Line,http://chrisralbon.com/rstats/scatterplot-with-trendline.html
Scatter Plot (Basic),http://chrisralbon.com/rstats/scatterplot.html
Scatterplots using ggplot2,http://chrisralbon.com/rstats/scatterplots-ggplot2.html
Scraping Web Pages,http://chrisralbon.com/rstats/scraping-webpages.html
Selecting Data According To Patterns,http://chrisralbon.com/rstats/select-data-according-to-patterns.html
Select Rows By Logical Test,http://chrisralbon.com/rstats/select-rows-by-logical-test.html
Create a sequences of numbers,http://chrisralbon.com/rstats/sequences.html
Simple Venn Diagram,http://chrisralbon.com/rstats/simple-venn-diagram.html
Simulated Data From Normal Distribution Function,http://chrisralbon.com/rstats/simulated-data-from-norm-distributions.html
Size Plot,http://chrisralbon.com/rstats/sizeplot.html
Sorting A Data Frame By A Single Column,http://chrisralbon.com/rstats/sort-dataframe-by-columns.html
Sorting Columns Of A Data Frame,http://chrisralbon.com/rstats/sort-dataframe-columns.html
Sorting Data Frames,http://chrisralbon.com/rstats/sorting-dataframes.html
Special Characters In Strings,http://chrisralbon.com/rstats/special-characters-in-strings.html
"Split, Apply, Combine",http://chrisralbon.com/rstats/split-apply-combine.html
"Split, Apply, Recombine",http://chrisralbon.com/rstats/split-apply-recombine.html
Data can be split up by levels of a factor,http://chrisralbon.com/rstats/split-data-by-factor-levels.html
Simple Random Sampling Of Rows,http://chrisralbon.com/rstats/srs-of-rows.html
Stacked Area Graph In ggplot2,http://chrisralbon.com/rstats/stacked-area-graph.html
Stacked Area Plot,http://chrisralbon.com/rstats/stacked-area-plot.html
Converting Strings To Logical,http://chrisralbon.com/rstats/strings-to-logical.html
Strings,http://chrisralbon.com/rstats/strings.html
Styling Axes,http://chrisralbon.com/rstats/styling-axes.html
Subsetting Data,http://chrisralbon.com/rstats/subsets.html
Summarize A Variable,http://chrisralbon.com/rstats/summarize.html
Sweep Over An Dataframe,http://chrisralbon.com/rstats/sweep-over-a-df.html
Switch Function,http://chrisralbon.com/rstats/switch.html
Testing if a number is odd or even,http://chrisralbon.com/rstats/test-if-number-is-odd-or-even.html
Thematic Map,http://chrisralbon.com/rstats/thematic-maps.html
Time and Dates in R,http://chrisralbon.com/rstats/time-and-dates.html
Truncate A String,http://chrisralbon.com/rstats/truncate-a-string.html
Tufte's Horizontal Bar Lines,http://chrisralbon.com/rstats/tuftes-horizontal-bar-lines.html
Changing Uppercase And Lowercase,http://chrisralbon.com/rstats/upper-and-lower-case.html
Violin Plots,http://chrisralbon.com/rstats/violin-plots.html
Match A Symbol,http://chrisralbon.com/regex/match_a_symbol.html
Match A Unicode Character,http://chrisralbon.com/regex/match_a_unicode_character.html
Match A Word,http://chrisralbon.com/regex/match_a_word.html
Match Any Character,http://chrisralbon.com/regex/match_any_character.html
Match Any Of A List Of Characters,http://chrisralbon.com/regex/match_any_of_a_list_of_symbols.html
Match Any Of A Series Of Options,http://chrisralbon.com/regex/match_any_of_series_of_characters.html
Match Any Of A Series Of Words,http://chrisralbon.com/regex/match_any_of_series_of_words.html
Match Dates,http://chrisralbon.com/regex/match_dates.html
Match Email Addresses,http://chrisralbon.com/regex/match_email_addresses.html
Match Exact Text,http://chrisralbon.com/regex/match_exact_text.html
Match Integers Of Any Length,http://chrisralbon.com/regex/match_integers_of_any_length.html
Match Text Between HTML Tags,http://chrisralbon.com/regex/match_text_between_html_tags.html
Match Times,http://chrisralbon.com/regex/match_times.html
Match URLs,http://chrisralbon.com/regex/match_urls.html
Match US Phone Numbers,http://chrisralbon.com/regex/match_us_phone_numbers.html
Match US and UK Spellings,http://chrisralbon.com/regex/match_us_uk_spellings.html
Match Words With A Certain Ending,http://chrisralbon.com/regex/match_words_with_certain_ending.html
Match ZIP Codes,http://chrisralbon.com/regex/match_zip_codes.html
List All Files And Folders In A Directory,http://chrisralbon.com/bash/list_all_files_and_folders_in_a_directory.html
Convert All IPython Notesbooks In A Folder To Basic HTML Using Bash,http://chrisralbon.com/bash/covert_all_ipynb_to_html.html
Load IPython Notebook In Non-Default Browser,http://chrisralbon.com/bash/open_ipython_nb_in_nondefault_browser.html
About Chris,http://chrisralbon.com/miscellaneous/about.html
Test Page,http://chrisralbon.com/miscellaneous/test.html
